"","level","name"
"1",1,"Akuma17"
"2",2,"Alexander"
"3",3,"analog56x"
"4",4,"Andy"
"5",5,"Anfunny"
"6",6,"Anozilla"
"7",7,"ARealCutie"
"8",8,"AsmadiGames"
"9",9,"Audra Alexys"
"10",10,"AyyEffKay"
"11",11,"Azazel's Prayers"
"12",12,"BaronRed"
"13",13,"BastionBlue"
"14",14,"Beastworm"
"15",15,"Blandation"
"16",16,"bressingham"
"17",17,"caauyjdp"
"18",18,"cemo"
"19",19,"CheesyBoatRide"
"20",20,"Cyntalan"
"21",21,"daaanty"
"22",22,"DanielRGT"
"23",23,"davesim2014"
"24",24,"derp"
"25",25,"Di10kong"
"26",26,"diggidiggidang"
"27",27,"droopy"
"28",28,"DWebb"
"29",29,"Eddie"
"30",30,"edibletoaster"
"31",31,"EwolaKoala"
"32",32,"Eykir"
"33",33,"fcoughlin"
"34",34,"Flipheal"
"35",35,"Freddyn3k"
"36",36,"Gameaholic"
"37",37,"grapedrinkz"
"38",38,"HemZar"
"39",39,"HisBeardNis"
"40",40,"Hitaka"
"41",41,"idlechild"
"42",42,"IEEE754"
"43",43,"Ike"
"44",44,"iLunix1006"
"45",45,"Imyt"
"46",46,"ironrusty"
"47",47,"jcobbus2024"
"48",48,"jmeasher"
"49",49,"jooniejoone"
"50",50,"kekumanshoyu"
"51",51,"Kyzentun"
"52",52,"Liam_Atlas"
"53",53,"Loid"
"54",54,"Lukelovellmush"
"55",55,"LynxXUnlimited"
"56",56,"mahoushoujoia"
"57",57,"mm2nescartridge"
"58",58,"Mo_015"
"59",59,"NatalieGonnaBe"
"60",60,"Nevdi"
"61",61,"Nikplayer"
"62",62,"Nito_SM"
"63",63,"Not Joe"
"64",64,"NZT"
"65",65,"Oatsngoats"
"66",66,"oceane1990"
"67",67,"ommy2"
"68",68,"Omnigazer"
"69",69,"Oopla"
"70",70,"Osse101"
"71",71,"paf"
"72",72,"phatscott25"
"73",73,"Phuckbutt"
"74",74,"pirate253"
"75",75,"polarbearbunny"
"76",76,"Rainboom13"
"77",77,"Rattacookie"
"78",78,"RJTheDestroyer"
"79",79,"Ruya"
"80",80,"sakura"
"81",81,"SamLittlehorns"
"82",82,"ScottyCrow"
"83",83,"Sevym"
"84",84,"Shadow_AMP"
"85",85,"sharkhat87"
"86",86,"Skyy"
"87",87,"smCharles"
"88",88,"smelon"
"89",89,"SneezyWeevil"
"90",90,"Solski"
"91",91,"SpiffyThomas"
"92",92,"stev"
"93",93,"Su_2d"
"94",94,"SunWuFarmer"
"95",95,"Supersponge"
"96",96,"thisismyotheraccount"
"97",97,"Tilimorf"
"98",98,"timmon_"
"99",99,"tonytyoung"
"100",100,"V2Nitro"
"101",101,"Vinter"
"102",102,"Xyntri"
"103",103,"Yokodero"
"104",104,"Yuzuriha"
"105",105,"Zeb316"
"106",106,"zeeetonic"
"107",107,"Zeptar"
